{
  "tau_spectrum": {
    "up_quarks": [
      6.112418060160737,
      3.0494653270330696,
      0.5979508639615903
    ],
    "down_quarks": [
      5.392342328733753,
      3.8293212719267236,
      1.846025935806571
    ]
  },
  "models": {
    "simple_exponential": {
      "alpha": 3.141592653589793,
      "chi2": 286945.3323102165,
      "chi2_per_dof": 35868.16653877706,
      "ckm_matrix": [
        [
          0.9999728446093318,
          0.007369520579040299,
          1.4503672234004381e-05
        ],
        [
          0.007124907693685332,
          0.9667812359866231,
          0.2555059244607327
        ],
        [
          1.4504038007078301e-05,
          0.0019680580288370278,
          0.9999980632667386
        ]
      ]
    },
    "gaussian": {
      "sigma": 0.5,
      "chi2": 256563.90361441032,
      "chi2_per_dof": 32070.48795180129,
      "ckm_matrix": [
        [
          0.9999999964955586,
          8.371906953885618e-05,
          4.3674358936587576e-16
        ],
        [
          5.66362458577551e-05,
          0.9830781200728214,
          0.18318680800325948
        ],
        [
          2.4402988269024175e-19,
          1.920439540010275e-08,
          0.9999999999999999
        ]
      ]
    },
    "string_inspired": {
      "alpha": 1.788888888888889,
      "beta": -0.2777777777777778,
      "chi2": 171375.8681993919,
      "chi2_per_dof": 24482.266885627414,
      "ckm_matrix": [
        [
          0.9996473426711036,
          0.02655408785657296,
          0.00026591108828987836
        ],
        [
          0.1371690245379538,
          0.9776356640533366,
          0.15941507795154697
        ],
        [
          0.01156913356628685,
          0.08245591608380262,
          0.996527559604503
        ]
      ]
    },
    "optimized": {
      "alpha": 5.0,
      "chi2": 242875.731583763,
      "chi2_per_dof": 30359.466447970375,
      "ckm_matrix": [
        [
          0.999999918556627,
          0.0004035922929305279,
          1.9919194027422017e-08
        ],
        [
          0.000400704062852517,
          0.9928436128159697,
          0.11942110335609347
        ],
        [
          1.991919562544804e-08,
          4.935474326956566e-05,
          0.9999999987820545
        ]
      ]
    }
  },
  "experimental_ckm": [
    [
      0.97435,
      0.225,
      0.00369
    ],
    [
      0.22,
      0.97349,
      0.04182
    ],
    [
      0.00857,
      0.0411,
      0.99915
    ]
  ],
  "experimental_errors": [
    [
      0.00016,
      0.0006,
      0.00011
    ],
    [
      0.001,
      0.00016,
      0.00076
    ],
    [
      0.00033,
      0.001,
      5e-05
    ]
  ],
  "interpretation": {
    "hypothesis": "Quark mixing from wavefunction overlap at different brane positions",
    "formula": "V_ij ~ exp(-alpha * |tau_i^up - tau_j^down|)",
    "best_alpha": 5.0,
    "best_chi2": 242875.731583763,
    "validation": "Moderate fit - tau spectrum captures mixing hierarchy qualitatively"
  }
}