{
  "leptonic": {
    "tau": 3.25,
    "k_charged": [
      8,
      6,
      4
    ],
    "k_neutral": [
      5,
      3,
      1
    ],
    "delta_k": 2
  },
  "hadronic": {
    "tau_up": 0.04276009848846113,
    "tau_down": 1.8896100867596934,
    "tau_average": 0.9661850926240773,
    "k_up": [
      1.0,
      1.0,
      0.0
    ],
    "k_down": [
      1.0,
      1.0,
      0.0
    ],
    "delta_k_up": 0.34417406532309414,
    "delta_k_down": 0.7216224341393048,
    "chi2_up": 2.7656021534454088e-17,
    "chi2_down": 48.114948350913814
  },
  "universality": {
    "delta_k_2_universal": 