{
  "model": "Full \u0393\u2080(4) Clebsch-Gordan coefficients",
  "representation_structure": {
    "up_doublet": "(u, c) ~ 2",
    "down_doublet": "(d, s) ~ 2",
    "top_singlet": "t ~ 1",
    "bottom_singlet": "b ~ 1'",
    "tensor_product": "2 \u2297 2 = 1 \u2295 1' \u2295 2"
  },
  "parameters": {
    "alpha_cg_normalization": 1.199999924907807,
    "beta_singlet_mixing": 0.0055895978900904805,
    "phi_us_degrees": -129.6333455025489,
    "phi_ub_degrees": 137.73149778698422,
    "phi_cb_degrees": -141.0393083599335,
    "theta_tb_degrees": 5.72957264628024,
    "theta_up_doublet_degrees": 17.188730410928134,
    "theta_down_doublet_degrees": 0.014229556368052204
  },
  "fit_quality": {
    "chi2": 6872829.170373562,
    "dof": 1,
    "chi2_dof": 6872829.170373562
  },
  "ckm_matrix": {
    "predicted": [
      [
        0.7072725638734495,
        0.7069213443447188,
        0.0052662417085364
      ],
      [
        0.7072471253353119,
        0.7068959184389263,
        0.009983195847237713
      ],
      [
        0.005617485478233076,
        0.005617485478233076,
        0.999968443358991
      ]
    ],
    "observed": [
      [
        0.97435,
        0.225,
        0.00369
      ],
      [
        0.22,
        0.97349,
        0.04182
      ],
      [
        0.00857,
        0.0411,
        0.99915
      ]
    ],
    "deviation_sigma": [
      [
        -1669.2339757909408,
        803.2022405745314,
        14.329470077603636
      ],
      [
        812.0785422255199,
        -1666.2130097567103,
        -43.022708314543635
      ],
      [
        -14.762572608834619,
        -55.441428940260806,
        16.368867179821223
      ]
    ]
  },
  "element_accuracy": {
    "excellent_below_1sigma": 0,
    "good_below_3sigma": 0,
    "reasonable_below_5sigma": 0
  },
  "jarlskog": {
    "predicted": -3.427954701145033e-06,
    "observed": 3.05e-05,
    "sigma": 16.963977350572517
  },
  "unitarity": {
    "max_deviation": 0.9999373845770767
  },
  "doublet_wavefunctions": {
    "psi_up": [
      0.7741670528598154,
      0.6329813380079609
    ],
    "psi_down": [
      0.7741670788232718,
      0.6329813062533854
    ]
  }
}