{
  "models_tested": [
    "\u0393\u2080(3)",
    "\u0393\u2080(4)",
    "\u0393\u2080(5)"
  ],
  "gamma0_3": {
    "natural_lambda": 0.3333333333333333,
    "predicted_lambda": 0.3333333333333333,
    "theta_12_degrees": 19.47122063449069,
    "theta_23_degrees": 1.896097030019656,
    "theta_13_degrees": 0.20584688169002713,
    "delta_cp_degrees": 48.30943273700161,
    "chi2_dof": 24258.860872668592,
    "ckm_matrix": [
      [
        0.9428029569181362,
        0.33333118207977125,
        0.003592698111629641
      ],
      [
        0.3332253755054843,
        0.9422664736274788,
        0.03308688254980301
      ],
      [
        0.009134196497113074,
        0.032003370618387886,
        0.9994460219158482
      ]
    ],
    "deviation_from_cabibbo_percent": 48.14814814814813
  },
  "gamma0_4": {
    "natural_lambda": 0.25,
    "predicted_lambda": 0.25,
    "theta_12_degrees": 14.477512185929925,
    "theta_23_degrees": 2.28133709814141,
    "theta_13_degrees": 0.20989199722286547,
    "delta_cp_degrees": 59.81618872718309,
    "chi2_dof": 1185.5661719395307,
    "ckm_matrix": [
      [
        0.9682393397196206,
        0.2499983225251304,
        0.0036632982316495075
      ],
      [
        0.24987287125029947,
        0.9674600901681619,
        0.039806056636437506
      ],
      [
        0.008725206727889515,
        0.03901041740910842,
        0.999200709618004
      ]
    ],
    "deviation_from_cabibbo_percent": 11.111111111111107
  },
  "gamma0_5": {
    "natural_lambda": 0.2,
    "predicted_lambda": 0.2,
    "theta_12_degrees": 11.536959032815489,
    "theta_23_degrees": 2.4948743202369,
    "theta_13_degrees": 0.2127761099575182,
    "delta_cp_degrees": 73.64448754724967,
    "chi2_dof": 860.443903030653,
    "ckm_matrix": [
      [
        0.9797891408652151,
        0.19999862088664058,
        0.0037136351524475557
      ],
      [
        0.1998550833887756,
        0.9788580641751846,
        0.04352971218461963
      ],
      [
        0.008437125474308159,
        0.042865392132256264,
        0.9990452307433727
      ]
    ],
    "deviation_from_cabibbo_percent": 11.111111111111107
  },
  "best_model": "\u0393\u2080(4)",
  "interpretation": {
    "cabibbo_scale": "Natural 1/N scale from modular group, not exponential suppression",
    "gamma0_4_best": "\u0393\u2080(4) with 1/4 = 0.25 matches Cabibbo 0.225 within 11%",
    "physical_meaning": "Quarks live in \u0393\u2080(4) representation with doublet structure",
    "next_step": "Calculate full Clebsch-Gordan coefficients for all CKM elements"
  }
}