{
  "model": "PMNS from \u0393\u2080(3) + complex \u03c4",
  "modular_group": "Gamma_0(3)",
  "tri_bimaximal_angle_degrees": 35.264389682754654,
  "parameters": {
    "theta_12_degrees": 33.99170379967034,
    "delta_theta_12_degrees": -1.2726858830843168,
    "theta_23_degrees": 48.94636341086801,
    "theta_13_degrees": 8.546419430223569,
    "delta_cp_degrees": 205.62400739010064
  },
  "fit_quality": {
    "chi2": 1.1333140376661852,
    "dof": 5,
    "chi2_dof": 0.22666280753323703
  },
  "pmns_matrix": {
    "predicted": [
      [
        0.8199118246059882,
        0.5528647926218949,
        0.14861063538801092
      ],
      [
        0.2862359360898179,
        0.6016381771765198,
        0.7457214578208814
      ],
      [
        0.49579591442655613,
        0.5765171505192745,
        0.649472390787377
      ]
    ],
    "observed": [
      [
        0.8254313876914665,
        0.544478443764845,
        0.14901761133890265
      ],
      [
        0.2728493088349765,
        0.6071367923823112,
        0.7462829021249208
      ],
      [
        0.4941824348173612,
        0.5787297638890977,
        0.6487338294761987
      ]
    ]
  },
  "angle_deviations": {
    "theta_12_sigma": 0.7756050662271241,
    "theta_23_sigma": -0.03575772608799409,
    "theta_13_sigma": -0.18138899828024088,
    "delta_cp_sigma": 0.34496029560402475
  },
  "comparison_to_quarks": {
    "quark_group": "Gamma_0(4)",
    "lepton_group": "Gamma_0(3)",
    "quark_chi2_dof": 9.5,
    "lepton_chi2_dof": 0.22666280753323703,
    "unified_framework": true
  }
}