{
  "parameters": {
    "v_D_GeV": 8.866776290464812e-06,
    "M_R_GeV": 22487051512174.65,
    "y_D": 3.6011600562362164e-08,
    "k_pattern": [
      5,
      3,
      1
    ],
    "tau": 2.69
  },
  "masses_meV": {
    "m1": 7.346839692639297e-37,
    "m2": 2.9387358770557188e-36,
    "m3": 1.368038544943708e-20,
    "sum": 1.3680385449437083e-20
  },
  "splittings_eV2": {
    "dm21_sq": 8.096408020401042e-78,
    "dm32_sq": 1.8715294604516977e-46
  },
  "angles_deg": {
    "theta12": 90.0,
    "theta23": 44.99999999999999,
    "theta13": 35.26438968275464
  },
  "predictions": {
    "m_bb_meV": 7.898374221850336e-21,
    "chi2": 7275.472222222222,
    "chi2_per_dof": 3637.736111111111
  }
}