{
  "model": "Full Yukawa diagonalization with E\u2084(\u03c4) structure",
  "parameters": {
    "alpha_prime_up": 5.0,
    "alpha_prime_down": 5.0,
    "delta_phase_up_12_degrees": 286.9777198497952,
    "delta_phase_up_13_degrees": 149.21234619022337,
    "delta_phase_up_23_degrees": 341.896352699845,
    "delta_phase_down_12_degrees": 151.74286559123237,
    "delta_phase_down_13_degrees": 190.06143014023846,
    "delta_phase_down_23_degrees": 196.17268768922216,
    "off_diag_scale_up": 0.5,
    "off_diag_scale_down": 0.5
  },
  "fit_quality": {
    "chi2_ckm": 218709.678506215,
    "dof": 1,
    "chi2_dof": 218709.678506215
  },
  "ckm_matrix": {
    "predicted": [
      [
        0.9988970115604169,
        0.046877793791210695,
        0.002689376310142523
      ],
      [
        0.04670777436066877,
        0.9976546879238981,
        0.050035062483653844
      ],
      [
        0.00481083256221885,
        0.04987580688809891,
        0.9987438409208439
      ]
    ],
    "observed": [
      [
        0.97435,
        0.225,
        0.00369
      ],
      [
        0.22,
        0.97349,
        0.04182
      ],
      [
        0.00857,
        0.0411,
        0.99915
      ]
    ],
    "deviation_sigma": [
      [
        153.4188222526052,
        -296.87034368131555,
        -9.096578998704336
      ],
      [
        -288.82037606555207,
        151.02929952436338,
        11.101435788721407
      ],
      [
        -18.795837188905747,
        13.712198262654548,
        -8.123181583121752
      ]
    ]
  },
  "jarlskog": {
    "predicted": 3.5123875790448787e-06,
    "observed": 3.05e-05,
    "ratio": 0.11516024849327472,
    "sigma": 13.49380621047756
  },
  "unitarity": {
    "max_deviation": 8.881784197001252e-16,
    "status": "excellent"
  },
  "mass_ratios": {
    "up_predicted": [
      1.0,
      0.007087748959740018,
      1.274772443427906e-05
    ],
    "up_observed": [
      1.0,
      587.9629629629629,
      79981.48148148147
    ],
    "down_predicted": [
      1.0,
      0.021805305215297475,
      0.001081790183985652
    ],
    "down_observed": [
      1.0,
      19.91434689507495,
      895.0749464668095
    ]
  }
}