{
  "verdict": "PARTIAL",
  "avg_masses": [
    1.0,
    2.2925729508888713e-05,
    6.287570330781606
  ],
  "std_masses": [
    0.0,
    9.038263638250404e-07,
    0.12535189817942666
  ],
  "avg_errors": [
    0.0,
    0.9999998892476836,
    0.9981916680095537
  ],
  "n_successful": 0,
  "n_total": 5,
  "beta": 10.0,
  "n_scales": 15
}