{
  "theory": "Hierarchical Network Renormalization (Optimized)",
  "best_ratios": [
    1.0,
    279.12799658039773,
    1196.0595987344307
  ],
  "best_params": {
    "N": 2000,
    "n_scales": 8,
    "version": "v3"
  },
  "target": [
    1,
    207,
    3477
  ],
  "accuracy_gen2": 0.6515555720753732,
  "accuracy_gen3": 0.34399183167513103,
  "all_versions": {
    "v1": [
      1,
      22,
      55
    ],
    "v2": [
      1.0,
      0.0,
      0.0
    ],
    "v3": [
      1.0,
      285.6807993641056,
      1198.6128063687959
    ],
    "optimized": [
      1.0,
      279.12799658039773,
      1196.0595987344307
    ]
  }
}