{
  "verdict": "PARTIAL",
  "avg_masses": [
    1.0,
    3.418761071722856,
    2743.016446835552
  ],
  "std_masses": [
    0.0,
    0.2312823109057701,
    6.84236392365964e-09
  ],
  "avg_errors": [
    0.0,
    0.9834842460303245,
    0.21109679412264826
  ],
  "n_successful": 0,
  "n_total": 10,
  "k": 1.0,
  "r_c": 14.0,
  "kr_c": 14.0
}