{
  "verdict": "PARTIAL",
  "avg_masses": [
    1.0,
    14.792899408284025,
    218.82987290360978
  ],
  "std_masses": [
    0.0,
    3.552713678800501e-15,
    0.0
  ],
  "avg_errors": [
    0.0,
    0.9285367178343764,
    0.937063597094159
  ],
  "n_successful": 0,
  "n_total": 10,
  "epsilon": 0.26
}