{
  "k_pattern": [
    5,
    3,
    1
  ],
  "y_D": [
    0.08502297011106949,
    0.042042510588120786,
    0.3477216805678907
  ],
  "M_R": 8593083305988.641,
  "masses": [
    0.0031834223733900676,
    0.13299230152927327,
    1.1710887939110548
  ],
  "splittings": [
    0.01767681808804574,
    1.3537620109579958
  ],
  "angles": [
    1.3632876237366227,
    0.5506352241565959,
    0.01665927310451814
  ],
  "m_bb": 0.13157711979032152,
  "chi2": 1772422205.9843879
}