{
  "parameters": {
    "v_D_GeV": 15999.039099620255,
    "M_R_GeV": 14832679432.154293,
    "y_D": 64.97863333449864,
    "k_pattern": [
      5,
      3,
      1
    ],
    "tau": 2.69
  },
  "masses_meV": {
    "m1": 1.3761082471583266,
    "m2": 8.78599318987935,
    "m3": 50.301030341648,
    "sum": 60.46313177868568
  },
  "splittings_eV2": {
    "dm21_sq": 7.530000242470916e-05,
    "dm32_sq": 0.002452999977098786
  },
  "angles_deg": {
    "theta12": 11.672782700501966,
    "theta23": 56.43796138264978,
    "theta13": 40.420411504625235
  },
  "predictions": {
    "m_bb_meV": 32.658927159547986,
    "chi2": 2.2961753107092208e-12,
    "chi2_per_dof": 1.1480876553546104e-12
  }
}