{
  "verdict": "PARTIAL SUCCESS",
  "avg_masses": [
    1.1023649208087616,
    1.3259376857460308,
    123.61249835013409
  ],
  "avg_errors": [
    0.10236492080876156,
    0.9935945039335937,
    0.9644485193125873
  ],
  "std_masses": [
    0.15055146482304707,
    0.30557806500781864,
    22.705783341172722
  ],
  "n_successful": 0,
  "n_total": 20,
  "N": 2000,
  "n_scales": 15
}