{
  "timestamp": "2025-12-23T20:34:53.060902",
  "parameters": {
    "n_qubits": 12,
    "n_trials": 1,
    "use_exponential": true
  },
  "target": [
    1,
    207,
    3477
  ],
  "results": [
    {
      "masses": [
        1.0,
        205.67931510111566,
        4095.9999999999895
      ],
      "errors": [
        0.0,
        0.6380120284465398,
        17.802703480011203
      ],
      "diagnostics": {
        "entropies": [
          -0.0,
          5.326318233027526,
          8.317766166719341
        ],
        "complexities": [
          1.0,
          5.113046376841217,
          4096.0
        ],
        "fisher_infos": [
          -0.0,
          63.91581879633031,
          99.8131940006321
        ],
        "use_exponential": true
      }
    }
  ],
  "summary": {
    "mean_masses": [
      1.0,
      205.67931510111566,
      4095.9999999999895
    ],
    "std_masses": [
      0.0,
      0.0,
      0.0
    ],
    "mean_errors": [
      0.0,
      0.6380120284465398,
      17.802703480011203
    ],
    "mean_entropies": [
      0.0,
      5.326318233027526,
      8.317766166719341
    ],
    "successes": 1
  }
}