{
  "model": "\u0393\u2080(4) + complex \u03c4 with enforced unitarity",
  "parameters": {
    "theta_12_degrees": 12.922760406470356,
    "theta_12_gamma04_degrees": 14.477512185929925,
    "delta_theta_12_degrees": -1.5547517794595682,
    "theta_23_degrees": 2.396935204080931,
    "theta_13_degrees": 0.21134332751139898,
    "delta_cp_degrees": 66.53476037676849
  },
  "fit_quality": {
    "chi2_ckm": 47.427900204319755,
    "dof": 5,
    "chi2_dof": 9.485580040863951
  },
  "ckm_matrix": {
    "predicted": [
      [
        0.9746658017976356,
        0.22363579504536663,
        0.0036886285525753247
      ],
      [
        0.22350156371185068,
        0.9738059239823601,
        0.04182192529307354
      ],
      [
        0.008580549197437089,
        0.041098097173575564,
        0.9991182715695783
      ]
    ],
    "observed": [
      [
        0.97435,
        0.225,
        0.00369
      ],
      [
        0.22,
        0.97349,
        0.04182
      ],
      [
        0.00857,
        0.0411,
        0.99915
      ]
    ],
    "deviation_sigma": [
      [
        1.973761235222332,
        -2.273674924388967,
        -0.012467703860685866
      ],
      [
        5.8359395197511255,
        1.9745248897508336,
        0.002601747396672303
      ],
      [
        0.052745987185447846,
        -0.00297316628817797,
        -0.6345686084330282
      ]
    ]
  },
  "element_accuracy": {
    "excellent_below_1sigma": 5,
    "good_below_3sigma": 8,
    "reasonable_below_5sigma": 8
  },
  "jarlskog": {
    "predicted": 3.081775917115658e-05,
    "observed": 3.05e-05,
    "ratio": 1.0104183334805437,
    "sigma": 0.15887958557829168
  },
  "unitarity": {
    "max_deviation": 1.1102230246251565e-16,
    "status": "perfect"
  }
}