{
  "model": "\u0393\u2080(4) + complex \u03c4 + E\u2086 corrections",
  "parameters": {
    "theta_12_degrees": 14.47211531986982,
    "delta_theta_12_degrees": -0.0053968660601026895,
    "theta_23_degrees": 2.3875800444986406,
    "theta_13_degrees": 0.21492277155151487,
    "delta_cp_degrees": 50.39779119043682,
    "e6_corrections": {
      "epsilon": [
        0.03566864774248937,
        -0.022008432955747875,
        0.04282377862855239,
        -0.010198285282093907
      ],
      "phi_degrees": [
        52.27497906047969,
        15.096603940708777,
        -38.95745384637171,
        -3.9692148430073835
      ]
    }
  },
  "fit_quality": {
    "chi2_ckm": 27.75765963929698,
    "dof": 1,
    "chi2_dof": 27.75765963929698
  },
  "ckm_matrix": {
    "predicted": [
      [
        0.974351017860799,
        0.22500328444103562,
        0.003689984332140353
      ],
      [
        0.22201972988462845,
        0.9741201173579893,
        0.04239382620634443
      ],
      [
        0.008566830409213641,
        0.040940617791947055,
        0.9991248546761078
      ]
    ],
    "observed": [
      [
        0.97435,
        0.225,
        0.00369
      ],
      [
        0.22,
        0.97349,
        0.04182
      ],
      [
        0.00857,
        0.0411,
        0.99915
      ]
    ],
    "deviation_sigma": [
      [
        0.006361629993623107,
        0.005474068392694968,
        -0.00014243508770245904
      ],
      [
        3.366216474380753,
        3.938233487433412,
        0.775440819384361
      ],
      [
        -0.015847953931790587,
        -0.24903470008272266,
        -0.5029064778439007
      ]
    ]
  },
  "element_accuracy": {
    "excellent_below_1sigma": 7,
    "good_below_3sigma": 7
  },
  "jarlskog": {
    "predicted": 2.5845763567803764e-05,
    "observed": 3.05e-05,
    "sigma": 2.327118216098118
  },
  "unitarity": {
    "max_deviation": 0.015321973362609813
  },
  "comparison_to_e4_only": {
    "prev_chi2_dof": 9.485580040863951,
    "new_chi2_dof": 27.75765963929698,
    "improvement": -18.272079598433027
  }
}