{
  "model": "Complete CKM: Geometry (complex \u03c4) + Modular group (\u0393\u2080(4))",
  "parameters": {
    "theta_12_degrees": 12.921078552092384,
    "theta_12_gamma04_degrees": 14.477512185929925,
    "delta_theta_12_degrees": -1.5564336338375389,
    "theta_23_degrees": 2.3970862967373776,
    "theta_13_degrees": 0.2113445684331816,
    "delta_cp_degrees": 66.53477156214099,
    "alpha_scale": 1.9666252580227264
  },
  "fit_quality": {
    "chi2": 47.49364236382318,
    "dof": 4,
    "chi2_dof": 11.873410590955794,
    "status": "\u2713\u2713"
  },
  "ckm_matrix": {
    "predicted": [
      [
        0.9746723658818243,
        0.22360718469215438,
        0.003688650210598849
      ],
      [
        0.22347295806366888,
        0.9738123757647958,
        0.04182456002874276
      ],
      [
        0.008579988380008952,
        0.041100897330508104,
        0.9991181611991776
      ]
    ],
    "observed": [
      [
        0.97435,
        0.225,
        0.00369
      ],
      [
        0.22,
        0.97349,
        0.04182
      ],
      [
        0.00857,
        0.0411,
        0.99915
      ]
    ],
    "deviation_sigma": [
      [
        2.014786761401349,
        -2.3213588464093826,
        -0.012270812737737263
      ],
      [
        5.788263439448124,
        2.0148485299742447,
        0.006162201003728173
      ],
      [
        0.04994190004476047,
        0.0014020789189167144,
        -0.6367760164471825
      ]
    ]
  },
  "jarlskog": {
    "predicted": 0.041273272000492585,
    "observed": 3.05e-05,
    "ratio": 1353.2220328030355,
    "sigma": 20621.386000246293
  },
  "unitarity": {
    "max_deviation": 0.3766221707840186,
    "VdaggerV_real": [
      [
        1.0,
        0.25589342689822925,
        -0.0028152048752884463
      ],
      [
        0.25589342689822925,
        1.0,
        0.033654373046679106
      ],
      [
        -0.0028152048752884463,
        0.033654373046679106,
        1.0
      ]
    ],
    "VdaggerV_imag": [
      [
        0.0,
        0.2763382231909786,
        0.014616148419111033
      ],
      [
        -0.2763382231909786,
        0.0,
        0.025372354558801522
      ],
      [
        -0.014616148419111033,
        -0.025372354558801522,
        0.0
      ]
    ],
    "status": "approximate"
  },
  "element_comparison": {
    "V_ud": {
      "predicted": 0.9746723658818243,
      "observed": 0.97435,
      "error": 0.00016,
      "deviation_percent": 0.033085224182708046,
      "sigma": 2.014786761401349
    },
    "V_us": {
      "predicted": 0.22360718469215438,
      "observed": 0.225,
      "error": 0.0006,
      "deviation_percent": 0.6190290257091686,
      "sigma": 2.3213588464093826
    },
    "V_ub": {
      "predicted": 0.003688650210598849,
      "observed": 0.00369,
      "error": 0.00011,
      "deviation_percent": 0.036579658567780456,
      "sigma": 0.012270812737737263
    },
    "V_cd": {
      "predicted": 0.22347295806366888,
      "observed": 0.22,
      "error": 0.0006,
      "deviation_percent": 1.57861730166767,
      "sigma": 5.788263439448124
    },
    "V_cs": {
      "predicted": 0.9738123757647958,
      "observed": 0.97349,
      "error": 0.00016,
      "deviation_percent": 0.0331154675236396,
      "sigma": 2.0148485299742447
    },
    "V_cb": {
      "predicted": 0.04182456002874276,
      "observed": 0.04182,
      "error": 0.00074,
      "deviation_percent": 0.010903942474315753,
      "sigma": 0.006162201003728173
    },
    "V_td": {
      "predicted": 0.008579988380008952,
      "observed": 0.00857,
      "error": 0.0002,
      "deviation_percent": 0.1165505251919731,
      "sigma": 0.04994190004476047
    },
    "V_ts": {
      "predicted": 0.041100897330508104,
      "observed": 0.0411,
      "error": 0.00064,
      "deviation_percent": 0.0021832859078021833,
      "sigma": 0.0014020789189167144
    },
    "V_tb": {
      "predicted": 0.9991181611991776,
      "observed": 0.99915,
      "error": 5e-05,
      "deviation_percent": 0.003186588682616136,
      "sigma": 0.6367760164471825
    }
  }
}