{
  "tau_hadronic": 1.422,
  "structures_tested": {
    "theta_functions": {
      "up": {
        "chi2": 39710.563826119534,
        "k": [
          5.434195024819391,
          0.1,
          0.1
        ],
        "alpha": 5.0
      },
      "down": {
        "chi2": 824.9310234347597,
        "k": [
          0.1,
          0.38076369758452633,
          5.668589686780987
        ],
        "alpha": 5.0
      }
    },
    "eisenstein_E4": {
      "up": {
        "chi2": 2.4207901389498523e-26
      },
      "down": {
        "chi2": 1.8874431751083598e-23
      }
    },
    "mixed_eta_theta": {
      "up": {
        "chi2": 1.6400694561438173e-09
      },
      "down": {
        "chi2": 6.781915098168289e-13
      }
    },
    "tau_spectrum": {
      "up": {
        "chi2": 5.644245229039767e-20,
        "tau": [
          0.9077384284353984,
          4.522711197200213,
          9.19957259566032
        ],
        "k": 5.207993153637789
      },
      "down": {
        "chi2": 2.9764612321147324e-21,
        "tau": [
          5.32115577712121,
          0.7500136600229137,
          8.89629650424441
        ],
        "k": 3.2006724383065013
      }
    }
  },
  "best_structure": "Eisenstein E\u2084",
  "best_chi2": {
    "up": 2.4207901389498523e-26,
    "down": 1.8874431751083598e-23,
    "combined": 1.8898639652473096e-23
  }
}