{
  "approach": "Phase 3 sophisticated structure + Phase 4 modular weights",
  "parameters": {
    "phase3_original": {
      "alpha_prime_up": 5.0,
      "alpha_prime_down": 5.0,
      "delta_phase_up_12_degrees": 268.7953399943612,
      "delta_phase_up_13_degrees": 154.14736643411325,
      "delta_phase_up_23_degrees": 248.52372409334814,
      "delta_phase_down_12_degrees": 188.7384161508349,
      "delta_phase_down_13_degrees": 193.35164521144716,
      "delta_phase_down_23_degrees": 281.4161889301479,
      "off_diag_scale_up": 0.5,
      "off_diag_scale_down": 0.5
    },
    "phase5_new_modular_weights": {
      "w_up": [
        1.985085175591717,
        2.0,
        0.5
      ],
      "w_down": [
        2.0,
        1.0725655827929883,
        0.5
      ],
      "ratios": {
        "w_c_over_w_u": 1.007513443046008,
        "w_t_over_w_c": 0.25,
        "w_s_over_w_d": 0.5362827913964942,
        "w_b_over_w_s": 0.4661719600380866
      }
    }
  },
  "ckm_matrix": {
    "predicted": [
      [
        0.9954476745371221,
        0.09514673143795246,
        0.005570166542301984
      ],
      [
        0.09483258705999545,
        0.9945098004052219,
        0.04423841463562149
      ],
      [
        0.009524058491170294,
        0.043558654646796764,
        0.9990054734160457
      ]
    ],
    "observed": [
      [
        0.97435,
        0.225,
        0.00369
      ],
      [
        0.22,
        0.97349,
        0.04182
      ],
      [
        0.00857,
        0.0411,
        0.99915
      ]
    ],
    "errors_percent": [
      [
        2.1653075934851005,
        57.71256380535446,
        50.953022826612035
      ],
      [
        56.89427860909297,
        2.159220988938961,
        5.782914001964339
      ],
      [
        11.132537819956761,
        5.982128094396026,
        0.01446495360599029
      ]
    ]
  },
  "jarlskog": {
    "predicted": 9.811939686327167e-06,
    "observed": 3.05e-05,
    "error_percent": 67.82970594646831
  },
  "errors": {
    "mean_percent": 21.421826521489628,
    "max_percent": 57.71256380535446,
    "chi2_ckm": 125352.5921822853
  },
  "mass_ratios": {
    "up_predicted": [
      1.0,
      0.027907746731513264,
      4.9837091654373555e-05
    ],
    "up_observed": [
      1.0,
      587.9629629629629,
      79981.48148148147
    ],
    "down_predicted": [
      1.0,
      0.04584320225617652,
      0.004307311801872562
    ],
    "down_observed": [
      1.0,
      19.91434689507495,
      895.0749464668095
    ]
  }
}